Imię i nazwisko;Stanowisko;Telefon;E-mail;Firma;Zdjęcie
Karol Bohdanowicz;B2B/B2C;+48 87 428 21 18 wew. 92;karol.bohdanowicz@prescot.pl;PRESCOT sp. z o.o.;nie
Kinga Bohdanowicz;B2B/B2C;+48 726 400 332;kinga.bohdanowicz@prescot.pl;PRESCOT sp. z o.o.;nie
Krzysztof Bara;Prezes Zarządu;+48 697 245 005;krzysztof.bara@prescot.pl;PRESCOT sp. z o.o.;nie
Sylwia Suska;Sekretariat;+48 87 428 21 18 wew. 25;sekretariat@prescot.pl;PRESCOT sp. z o.o.;nie
Reklamacje;Serwis;+48 87 428 21 18 wew. 25;reklamacje@prescot.pl;PRESCOT sp. z o.o.;nie
Karolina Laskowska;Księgowość;+48 87 428 21 18 wew. 51;ksiegowosc@prescot.pl;PRESCOT sp. z o.o.;tak
Agnieszka Bara;Księgowość;+48 87 428 21 18 wew. 52;ksiegowosc@prescot.pl;PRESCOT sp. z o.o.;nie
Jarosław Badowski;Dyrektor handlowy;+48 793 011 388;jarek.badowski@prescot.pl;PRESCOT s.c.;nie
Marcin Górniewicz;Handlowiec;+48 790 578 774;info@prescot.com.pl;PRESCOT s.c.;nie
Radosław Narwojsz;V-ce Prezes Zarządu;+48 607 241 090;radoslaw.narwojsz@prescot.pl;PRESCOT sp. z o.o.;tak
Adam Garbowski;Specjalista ds. sprzedaży B2B;+48 609 428 570;adam.garbowski@prescot.pl;PRESCOT sp. z o.o.;tak
Dariusz Nita;Specjalista ds. sprzedaży B2B;+48 570 123 681;dariusz.nita@prescot.pl;PRESCOT sp. z o.o.;tak
Anna Asztemborska;Specjalista ds. sprzedaży B2B;+48 661 436 744;anna.asztemborska@prescot.pl;PRESCOT sp. z o.o.;tak
Anna Galor;Dyrektor ds. sprzedaży B2B;+48 730 901 909;anna.galor@prescot.pl;PRESCOT sp. z o.o.;tak